<?xml version="1.0" encoding="utf-8"?>
<!--
This file is used by the publish/package process of your Web project. You can customize the behavior of this process
by editing this MSBuild file. In order to learn more about this please visit https://go.microsoft.com/fwlink/?LinkID=208121. 
-->
<Project ToolsVersion="4.0" xmlns="http://schemas.microsoft.com/developer/msbuild/2003">
  <PropertyGroup>
    <WebPublishMethod>MSDeploy</WebPublishMethod>
    <PublishProvider>AzureWebSite</PublishProvider>
    <LastUsedBuildConfiguration>Release</LastUsedBuildConfiguration>
    <LastUsedPlatform>Any CPU</LastUsedPlatform>
    <SiteUrlToLaunchAfterPublish>http://{WEB_SITE_NAME}.azurewebsites.net</SiteUrlToLaunchAfterPublish>
    <LaunchSiteAfterPublish>True</LaunchSiteAfterPublish>
    <ExcludeApp_Data>False</ExcludeApp_Data>
    <MSDeployServiceURL>{WEB_SITE_NAME}.scm.azurewebsites.net:443</MSDeployServiceURL>
    <DeployIisAppPath>{WEB_SITE_NAME}</DeployIisAppPath>
    <RemoteSitePhysicalPath />
    <SkipExtraFilesOnServer>True</SkipExtraFilesOnServer>
    <MSDeployPublishMethod>WMSVC</MSDeployPublishMethod>
    <EnableMSDeployBackup>True</EnableMSDeployBackup>
    <UserName>${WEB_SITE_NAME}</UserName>
    <_SavePWD>True</_SavePWD>
    <_DestinationType>AzureWebSite</_DestinationType>
  </PropertyGroup>
</Project>